time,joint1,joint2,joint3,joint4,joint5,joint6,joint7,joint8,joint9,joint10,joint11,joint12,joint13,joint14,Revolute15
0.0,-0.2735,-0.0884,-2.181662,-0.6618,0.0,0.0,0.0,0.152,0.2893,-2.181662,0.4304,0.0,0.0,0.0,-0.0207
0.085,-0.276,-0.0895,-2.181662,-0.6597,0.0,0.0,0.0,0.1531,0.2886,-2.181662,0.4262,0.0,0.0,0.0,-0.0255
0.169,-0.2786,-0.091,-2.181662,-0.6583,0.0,0.0,0.0,0.1537,0.2875,-2.181662,0.4221,0.0,0.0,0.0,-0.0287
0.255,-0.2816,-0.0927,-2.181662,-0.6581,0.0,0.0,0.0,0.154,0.2869,-2.181662,0.4185,0.0,0.0,0.0,-0.0306
0.339,-0.2833,-0.0944,-2.181662,-0.6575,0.0,0.0,0.0,0.1491,0.2868,-2.181662,0.4147,0.0,0.0,0.0,-0.0325
0.408,-0.2844,-0.0958,-2.181662,-0.657,0.0,0.0,0.0,0.1449,0.2867,-2.181662,0.4115,0.0,0.0,0.0,-0.0328
0.466,-0.2849,-0.0969,-2.181662,-0.6568,0.0,0.0,0.0,0.1419,0.2868,-2.181662,0.4095,0.0,0.0,0.0,-0.0324
0.56,-0.2836,-0.0986,-2.181662,-0.6586,0.0,0.0,0.0,0.1384,0.2866,-2.181662,0.4073,0.0,0.0,0.0,-0.0304
0.64,-0.2826,-0.0998,-2.181662,-0.6605,0.0,0.0,0.0,0.1358,0.2865,-2.181662,0.4064,0.0,0.0,0.0,-0.0278
0.724,-0.2816,-0.1011,-2.181662,-0.6639,0.0,0.0,0.0,0.1318,0.2864,-2.181662,0.4059,0.0,0.0,0.0,-0.0273
0.803,-0.2806,-0.1022,-2.181662,-0.667,0.0,0.0,0.0,0.1283,0.2862,-2.181662,0.4065,0.0,0.0,0.0,-0.0275
0.889,-0.2799,-0.1034,-2.181662,-0.67,0.0,0.0,0.0,0.1235,0.2863,-2.181662,0.4067,0.0,0.0,0.0,-0.0297
0.974,-0.2793,-0.1043,-2.181662,-0.6721,0.0,0.0,0.0,0.1198,0.2863,-2.181662,0.4076,0.0,0.0,0.0,-0.031
1.052,-0.2781,-0.105,-2.181662,-0.6735,0.0,0.0,0.0,0.1167,0.2858,-2.181662,0.4077,0.0,0.0,0.0,-0.0327
1.118,-0.2776,-0.1054,-2.181662,-0.674,0.0,0.0,0.0,0.116,0.2871,-2.181662,0.4089,0.0,0.0,0.0,-0.033
1.197,-0.2763,-0.1054,-2.181662,-0.6727,0.0,0.0,0.0,0.1198,0.2934,-2.181662,0.4084,0.0,0.0,0.0,-0.0329
1.278,-0.2781,-0.1053,-2.181662,-0.6662,0.0,0.0,0.0,0.1278,0.3056,-2.181662,0.4012,0.0,0.0,0.0,-0.0306
1.359,-0.2827,-0.104,-2.181662,-0.6638,0.0,0.0,0.0,0.1338,0.3242,-2.1548,0.4021,0.0,0.0,0.0,-0.0155
1.44,-0.2858,-0.1005,-2.181662,-0.6698,0.0,0.0,0.0,0.1416,0.3548,-2.1139,0.4028,0.0,0.0,0.0,0.0123
1.524,-0.2881,-0.0968,-2.181662,-0.6704,0.0,0.0,0.0,0.151,0.3993,-2.081,0.4014,0.0,0.0,0.0,0.0396
1.606,-0.2926,-0.0936,-2.181662,-0.6707,0.0,0.0,0.0,0.1592,0.4571,-2.0213,0.3969,0.0,0.0,0.0,0.0585
1.684,-0.2946,-0.0911,-2.181662,-0.6729,0.0,0.0,0.0,0.1655,0.5234,-1.9813,0.3953,0.0,0.0,0.0,0.0693
1.764,-0.2891,-0.0905,-2.181662,-0.6784,0.0,0.0,0.0,0.1606,0.6104,-1.9493,0.3965,0.0,0.0,0.0,0.077
1.846,-0.2758,-0.0899,-2.181662,-0.6771,0.0,0.0,0.0,0.1463,0.7009,-1.8956,0.3975,0.0,0.0,0.0,0.0835
1.928,-0.2543,-0.0887,-2.181662,-0.6718,0.0,0.0,0.0,0.1122,0.8011,-1.833,0.3919,0.0,0.0,0.0,0.0861
2.009,-0.2345,-0.0884,-2.181662,-0.6684,0.0,0.0,0.0,0.0824,0.9008,-1.79,0.3814,0.0,0.0,0.0,0.0734
2.092,-0.2188,-0.0885,-2.181662,-0.6664,0.0,0.0,0.0,0.0582,0.9908,-1.7641,0.372,0.0,0.0,0.0,0.0786
2.173,-0.2011,-0.0889,-2.181662,-0.6622,0.0,0.0,0.0,0.034,1.0745,-1.7363,0.3634,0.0,0.0,0.0,0.0842
2.251,-0.178,-0.0895,-2.1309,-0.6564,0.0,0.0,0.0,0.0063,1.1438,-1.6946,0.3536,0.0,0.0,0.0,0.083
2.332,-0.1563,-0.0925,-2.0666,-0.6478,0.0,0.0,0.0,-0.0255,1.1998,-1.6584,0.3382,0.0,0.0,0.0,0.067
2.413,-0.1348,-0.0948,-1.9832,-0.6394,0.0,0.0,0.0,-0.049,1.2466,-1.6095,0.3284,0.0,0.0,0.0,0.0506
2.492,-0.1119,-0.0966,-1.8569,-0.6281,0.0,0.0,0.0,-0.0641,1.2833,-1.577,0.3219,0.0,0.0,0.0,0.0367
2.592,-0.0782,-0.0903,-1.5863,-0.613,0.0,0.0,0.0,-0.076,1.3167,-1.5642,0.3169,0.0,0.0,0.0,-0.0001
2.667,-0.0633,-0.0879,-1.4936,-0.6055,0.0,0.0,0.0,-0.0809,1.3329,-1.565,0.3107,0.0,0.0,0.0,-0.0331
2.748,-0.065,-0.0859,-1.5033,-0.6067,0.0,0.0,0.0,-0.0792,1.3447,-1.6055,0.3101,0.0,0.0,0.0,-0.0649
2.828,-0.07,-0.0855,-1.5755,-0.6038,0.0,0.0,0.0,-0.0755,1.3358,-1.6364,0.3061,0.0,0.0,0.0,-0.1034
2.909,-0.0773,-0.0864,-1.6639,-0.6011,0.0,0.0,0.0,-0.0688,1.2979,-1.5966,0.2997,0.0,0.0,0.0,-0.1338
2.991,-0.0962,-0.0893,-1.7462,-0.6028,0.0,0.0,0.0,-0.0587,1.2422,-1.5322,0.2949,0.0,0.0,0.0,-0.1523
3.071,-0.117,-0.0928,-1.8162,-0.6062,0.0,0.0,0.0,-0.0465,1.175,-1.491,0.2914,0.0,0.0,0.0,-0.1571
3.155,-0.1409,-0.0954,-1.8776,-0.6068,0.0,0.0,0.0,-0.0335,1.0972,-1.4625,0.2898,0.0,0.0,0.0,-0.1462
3.233,-0.1667,-0.1002,-1.9259,-0.6016,0.0,0.0,0.0,-0.018,1.01,-1.4354,0.2921,0.0,0.0,0.0,-0.1063
3.315,-0.1964,-0.1047,-1.9671,-0.6022,0.0,0.0,0.0,0.002,0.9181,-1.4294,0.297,0.0,0.0,0.0,-0.0572
3.391,-0.2189,-0.1076,-1.9993,-0.6081,0.0,0.0,0.0,0.0199,0.8282,-1.4537,0.3017,0.0,0.0,0.0,-0.0333
3.472,-0.239,-0.1101,-2.0276,-0.6123,0.0,0.0,0.0,0.0362,0.7421,-1.5083,0.3047,0.0,0.0,0.0,-0.0149
3.554,-0.2591,-0.1122,-2.0513,-0.6158,0.0,0.0,0.0,0.0479,0.6646,-1.5707,0.3056,0.0,0.0,0.0,-0.0114
3.636,-0.2729,-0.114,-2.0709,-0.6186,0.0,0.0,0.0,0.0524,0.5997,-1.6713,0.3086,0.0,0.0,0.0,0.0024
3.721,-0.2815,-0.1158,-2.0879,-0.6222,0.0,0.0,0.0,0.052,0.5416,-1.7606,0.3155,0.0,0.0,0.0,-0.0127
3.804,-0.2838,-0.1186,-2.1018,-0.6288,0.0,0.0,0.0,0.0507,0.4942,-1.8333,0.328,0.0,0.0,0.0,-0.0285
3.888,-0.2841,-0.1224,-2.1136,-0.6314,0.0,0.0,0.0,0.048,0.4521,-1.8931,0.3401,0.0,0.0,0.0,-0.0465
3.973,-0.2826,-0.1255,-2.1236,-0.6318,0.0,0.0,0.0,0.0457,0.4148,-1.9421,0.3509,0.0,0.0,0.0,-0.0619
4.04,-0.28,-0.1278,-2.1305,-0.6327,0.0,0.0,0.0,0.0424,0.3885,-1.9752,0.3615,0.0,0.0,0.0,-0.0678
4.092,-0.2774,-0.1297,-2.1354,-0.6321,0.0,0.0,0.0,0.0396,0.3699,-1.998,0.3675,0.0,0.0,0.0,-0.074
4.17,-0.2747,-0.1318,-2.1417,-0.6308,0.0,0.0,0.0,0.0359,0.3459,-2.0262,0.3762,0.0,0.0,0.0,-0.0803
4.24,-0.2741,-0.1326,-2.1466,-0.6298,0.0,0.0,0.0,0.0338,0.3277,-2.0476,0.383,0.0,0.0,0.0,-0.085
4.321,-0.2739,-0.1329,-2.1514,-0.629,0.0,0.0,0.0,0.0317,0.3093,-2.068,0.3882,0.0,0.0,0.0,-0.0838
4.402,-0.2745,-0.1325,-2.1555,-0.6284,0.0,0.0,0.0,0.0303,0.2944,-2.0849,0.3935,0.0,0.0,0.0,-0.0833
